"Data Source","World Development Indicators",

"Last Updated Date","2017-12-15",

"Country Name","Country Code","Indicator Name","Indicator Code","1960","1961","1962","1963","1964","1965","1966","1967","1968","1969","1970","1971","1972","1973","1974","1975","1976","1977","1978","1979","1980","1981","1982","1983","1984","1985","1986","1987","1988","1989","1990","1991","1992","1993","1994","1995","1996","1997","1998","1999","2000","2001","2002","2003","2004","2005","2006","2007","2008","2009","2010","2011","2012","2013","2014","2015","2016","2017",
"Aruba","ABW","Total alcohol consumption per capita (liters of pure alcohol, projected estimates, 15+ years of age)","SH.ALC.PCAP.LI","","","","","","","","","","","","","","","","","","","","","","","","","","","","","","","","","","","","","","","","","","","","","","","","","","","","","","","","","","",
"Afghanistan","AFG","Total alcohol consumption per capita (liters of pure alcohol, projected estimates, 15+ years of age)","SH.ALC.PCAP.LI","","","","","","","","","","","","","","","","","","","","","","","","","","","","","","","","","","","","","","","","","","","","","","","","","","","","","","","","1","","",
"Angola","AGO","Total alcohol consumption per capita (liters of pure alcohol, projected estimates, 15+ years of age)","SH.ALC.PCAP.LI","","","","","","","","","","","","","","","","","","","","","","","","","","","","","","","","","","","","","","","","","","","","","","","","","","","","","","","","7.6","","",
"Albania","ALB","Total alcohol consumption per capita (liters of pure alcohol, projected estimates, 15+ years of age)","SH.ALC.PCAP.LI","","","","","","","","","","","","","","","","","","","","","","","","","","","","","","","","","","","","","","","","","","","","","","","","","","","","","","","","6.6","","",
"Andorra","AND","Total alcohol consumption per capita (liters of pure alcohol, projected estimates, 15+ years of age)","SH.ALC.PCAP.LI","","","","","","","","","","","","","","","","","","","","","","","","","","","","","","","","","","","","","","","","","","","","","","","","","","","","","","","","9.1","","",
"Arab World","ARB","Total alcohol consumption per capita (liters of pure alcohol, projected estimates, 15+ years of age)","SH.ALC.PCAP.LI","","","","","","","","","","","","","","","","","","","","","","","","","","","","","","","","","","","","","","","","","","","","","","","","","","","","","","","","0.838885188085109","","",
"United Arab Emirates","ARE","Total alcohol consumption per capita (liters of pure alcohol, projected estimates, 15+ years of age)","SH.ALC.PCAP.LI","","","","","","","","","","","","","","","","","","","","","","","","","","","","","","","","","","","","","","","","","","","","","","","","","","","","","","","","4.3","","",
"Argentina","ARG","Total alcohol consumption per capita (liters of pure alcohol, projected estimates, 15+ years of age)","SH.ALC.PCAP.LI","","","","","","","","","","","","","","","","","","","","","","","","","","","","","","","","","","","","","","","","","","","","","","","","","","","","","","","","7.6","","",
"Armenia","ARM","Total alcohol consumption per capita (liters of pure alcohol, projected estimates, 15+ years of age)","SH.ALC.PCAP.LI","","","","","","","","","","","","","","","","","","","","","","","","","","","","","","","","","","","","","","","","","","","","","","","","","","","","","","","","5.5","","",
"American Samoa","ASM","Total alcohol consumption per capita (liters of pure alcohol, projected estimates, 15+ years of age)","SH.ALC.PCAP.LI","","","","","","","","","","","","","","","","","","","","","","","","","","","","","","","","","","","","","","","","","","","","","","","","","","","","","","","","","","",
"Antigua and Barbuda","ATG","Total alcohol consumption per capita (liters of pure alcohol, projected estimates, 15+ years of age)","SH.ALC.PCAP.LI","","","","","","","","","","","","","","","","","","","","","","","","","","","","","","","","","","","","","","","","","","","","","","","","","","","","","","","","3.2","","",
"Australia","AUS","Total alcohol consumption per capita (liters of pure alcohol, projected estimates, 15+ years of age)","SH.ALC.PCAP.LI","","","","","","","","","","","","","","","","","","","","","","","","","","","","","","","","","","","","","","","","","","","","","","","","","","","","","","","","12.6","","",
"Austria","AUT","Total alcohol consumption per capita (liters of pure alcohol, projected estimates, 15+ years of age)","SH.ALC.PCAP.LI","","","","","","","","","","","","","","","","","","","","","","","","","","","","","","","","","","","","","","","","","","","","","","","","","","","","","","","","8.5","","",
"Azerbaijan","AZE","Total alcohol consumption per capita (liters of pure alcohol, projected estimates, 15+ years of age)","SH.ALC.PCAP.LI","","","","","","","","","","","","","","","","","","","","","","","","","","","","","","","","","","","","","","","","","","","","","","","","","","","","","","","","2.1","","",
"Burundi","BDI","Total alcohol consumption per capita (liters of pure alcohol, projected estimates, 15+ years of age)","SH.ALC.PCAP.LI","","","","","","","","","","","","","","","","","","","","","","","","","","","","","","","","","","","","","","","","","","","","","","","","","","","","","","","","9.8","","",
"Belgium","BEL","Total alcohol consumption per capita (liters of pure alcohol, projected estimates, 15+ years of age)","SH.ALC.PCAP.LI","","","","","","","","","","","","","","","","","","","","","","","","","","","","","","","","","","","","","","","","","","","","","","","","","","","","","","","","10.8","","",
"Benin","BEN","Total alcohol consumption per capita (liters of pure alcohol, projected estimates, 15+ years of age)","SH.ALC.PCAP.LI","","","","","","","","","","","","","","","","","","","","","","","","","","","","","","","","","","","","","","","","","","","","","","","","","","","","","","","","2.2","","",
"Burkina Faso","BFA","Total alcohol consumption per capita (liters of pure alcohol, projected estimates, 15+ years of age)","SH.ALC.PCAP.LI","","","","","","","","","","","","","","","","","","","","","","","","","","","","","","","","","","","","","","","","","","","","","","","","","","","","","","","","7.4","","",
"Bangladesh","BGD","Total alcohol consumption per capita (liters of pure alcohol, projected estimates, 15+ years of age)","SH.ALC.PCAP.LI","","","","","","","","","","","","","","","","","","","","","","","","","","","","","","","","","","","","","","","","","","","","","","","","","","","","","","","","0.2","","",
"Bulgaria","BGR","Total alcohol consumption per capita (liters of pure alcohol, projected estimates, 15+ years of age)","SH.ALC.PCAP.LI","","","","","","","","","","","","","","","","","","","","","","","","","","","","","","","","","","","","","","","","","","","","","","","","","","","","","","","","11.3","","",
"Bahrain","BHR","Total alcohol consumption per capita (liters of pure alcohol, projected estimates, 15+ years of age)","SH.ALC.PCAP.LI","","","","","","","","","","","","","","","","","","","","","","","","","","","","","","","","","","","","","","","","","","","","","","","","","","","","","","","","2.4","","",
"Bahamas, The","BHS","Total alcohol consumption per capita (liters of pure alcohol, projected estimates, 15+ years of age)","SH.ALC.PCAP.LI","","","","","","","","","","","","","","","","","","","","","","","","","","","","","","","","","","","","","","","","","","","","","","","","","","","","","","","","4.2","","",
"Bosnia and Herzegovina","BIH","Total alcohol consumption per capita (liters of pure alcohol, projected estimates, 15+ years of age)","SH.ALC.PCAP.LI","","","","","","","","","","","","","","","","","","","","","","","","","","","","","","","","","","","","","","","","","","","","","","","","","","","","","","","","7.5","","",
"Belarus","BLR","Total alcohol consumption per capita (liters of pure alcohol, projected estimates, 15+ years of age)","SH.ALC.PCAP.LI","","","","","","","","","","","","","","","","","","","","","","","","","","","","","","","","","","","","","","","","","","","","","","","","","","","","","","","","17.1","","",
"Belize","BLZ","Total alcohol consumption per capita (liters of pure alcohol, projected estimates, 15+ years of age)","SH.ALC.PCAP.LI","","","","","","","","","","","","","","","","","","","","","","","","","","","","","","","","","","","","","","","","","","","","","","","","","","","","","","","","8.3","","",
"Bermuda","BMU","Total alcohol consumption per capita (liters of pure alcohol, projected estimates, 15+ years of age)","SH.ALC.PCAP.LI","","","","","","","","","","","","","","","","","","","","","","","","","","","","","","","","","","","","","","","","","","","","","","","","","","","","","","","","","","",
"Bolivia","BOL","Total alcohol consumption per capita (liters of pure alcohol, projected estimates, 15+ years of age)","SH.ALC.PCAP.LI","","","","","","","","","","","","","","","","","","","","","","","","","","","","","","","","","","","","","","","","","","","","","","","","","","","","","","","","5.8","","",
"Brazil","BRA","Total alcohol consumption per capita (liters of pure alcohol, projected estimates, 15+ years of age)","SH.ALC.PCAP.LI","","","","","","","","","","","","","","","","","","","","","","","","","","","","","","","","","","","","","","","","","","","","","","","","","","","","","","","","9.1","","",
"Barbados","BRB","Total alcohol consumption per capita (liters of pure alcohol, projected estimates, 15+ years of age)","SH.ALC.PCAP.LI","","","","","","","","","","","","","","","","","","","","","","","","","","","","","","","","","","","","","","","","","","","","","","","","","","","","","","","","6.5","","",
"Brunei Darussalam","BRN","Total alcohol consumption per capita (liters of pure alcohol, projected estimates, 15+ years of age)","SH.ALC.PCAP.LI","","","","","","","","","","","","","","","","","","","","","","","","","","","","","","","","","","","","","","","","","","","","","","","","","","","","","","","","0.8","","",
"Bhutan","BTN","Total alcohol consumption per capita (liters of pure alcohol, projected estimates, 15+ years of age)","SH.ALC.PCAP.LI","","","","","","","","","","","","","","","","","","","","","","","","","","","","","","","","","","","","","","","","","","","","","","","","","","","","","","","","1.1","","",
"Botswana","BWA","Total alcohol consumption per capita (liters of pure alcohol, projected estimates, 15+ years of age)","SH.ALC.PCAP.LI","","","","","","","","","","","","","","","","","","","","","","","","","","","","","","","","","","","","","","","","","","","","","","","","","","","","","","","","7.7","","",
"Central African Republic","CAF","Total alcohol consumption per capita (liters of pure alcohol, projected estimates, 15+ years of age)","SH.ALC.PCAP.LI","","","","","","","","","","","","","","","","","","","","","","","","","","","","","","","","","","","","","","","","","","","","","","","","","","","","","","","","3.8","","",
"Canada","CAN","Total alcohol consumption per capita (liters of pure alcohol, projected estimates, 15+ years of age)","SH.ALC.PCAP.LI","","","","","","","","","","","","","","","","","","","","","","","","","","","","","","","","","","","","","","","","","","","","","","","","","","","","","","","","10.3","","",
"Central Europe and the Baltics","CEB","Total alcohol consumption per capita (liters of pure alcohol, projected estimates, 15+ years of age)","SH.ALC.PCAP.LI","","","","","","","","","","","","","","","","","","","","","","","","","","","","","","","","","","","","","","","","","","","","","","","","","","","","","","","","12.2780899037368","","",
"Switzerland","CHE","Total alcohol consumption per capita (liters of pure alcohol, projected estimates, 15+ years of age)","SH.ALC.PCAP.LI","","","","","","","","","","","","","","","","","","","","","","","","","","","","","","","","","","","","","","","","","","","","","","","","","","","","","","","","10.4","","",
"Channel Islands","CHI","Total alcohol consumption per capita (liters of pure alcohol, projected estimates, 15+ years of age)","SH.ALC.PCAP.LI","","","","","","","","","","","","","","","","","","","","","","","","","","","","","","","","","","","","","","","","","","","","","","","","","","","","","","","","","","",
"Chile","CHL","Total alcohol consumption per capita (liters of pure alcohol, projected estimates, 15+ years of age)","SH.ALC.PCAP.LI","","","","","","","","","","","","","","","","","","","","","","","","","","","","","","","","","","","","","","","","","","","","","","","","","","","","","","","","9.3","","",
"China","CHN","Total alcohol consumption per capita (liters of pure alcohol, projected estimates, 15+ years of age)","SH.ALC.PCAP.LI","","","","","","","","","","","","","","","","","","","","","","","","","","","","","","","","","","","","","","","","","","","","","","","","","","","","","","","","7.6","","",
"Cote d'Ivoire","CIV","Total alcohol consumption per capita (liters of pure alcohol, projected estimates, 15+ years of age)","SH.ALC.PCAP.LI","","","","","","","","","","","","","","","","","","","","","","","","","","","","","","","","","","","","","","","","","","","","","","","","","","","","","","","","6.5","","",
"Cameroon","CMR","Total alcohol consumption per capita (liters of pure alcohol, projected estimates, 15+ years of age)","SH.ALC.PCAP.LI","","","","","","","","","","","","","","","","","","","","","","","","","","","","","","","","","","","","","","","","","","","","","","","","","","","","","","","","7.7","","",
"Congo, Dem. Rep.","COD","Total alcohol consumption per capita (liters of pure alcohol, projected estimates, 15+ years of age)","SH.ALC.PCAP.LI","","","","","","","","","","","","","","","","","","","","","","","","","","","","","","","","","","","","","","","","","","","","","","","","","","","","","","","","3.4","","",
"Congo, Rep.","COG","Total alcohol consumption per capita (liters of pure alcohol, projected estimates, 15+ years of age)","SH.ALC.PCAP.LI","","","","","","","","","","","","","","","","","","","","","","","","","","","","","","","","","","","","","","","","","","","","","","","","","","","","","","","","3.9","","",
"Colombia","COL","Total alcohol consumption per capita (liters of pure alcohol, projected estimates, 15+ years of age)","SH.ALC.PCAP.LI","","","","","","","","","","","","","","","","","","","","","","","","","","","","","","","","","","","","","","","","","","","","","","","","","","","","","","","","6.6","","",
"Comoros","COM","Total alcohol consumption per capita (liters of pure alcohol, projected estimates, 15+ years of age)","SH.ALC.PCAP.LI","","","","","","","","","","","","","","","","","","","","","","","","","","","","","","","","","","","","","","","","","","","","","","","","","","","","","","","","0.2","","",
"Cabo Verde","CPV","Total alcohol consumption per capita (liters of pure alcohol, projected estimates, 15+ years of age)","SH.ALC.PCAP.LI","","","","","","","","","","","","","","","","","","","","","","","","","","","","","","","","","","","","","","","","","","","","","","","","","","","","","","","","7.2","","",
"Costa Rica","CRI","Total alcohol consumption per capita (liters of pure alcohol, projected estimates, 15+ years of age)","SH.ALC.PCAP.LI","","","","","","","","","","","","","","","","","","","","","","","","","","","","","","","","","","","","","","","","","","","","","","","","","","","","","","","","5.1","","",
"Caribbean small states","CSS","Total alcohol consumption per capita (liters of pure alcohol, projected estimates, 15+ years of age)","SH.ALC.PCAP.LI","","","","","","","","","","","","","","","","","","","","","","","","","","","","","","","","","","","","","","","","","","","","","","","","","","","","","","","","6.23286216741653","","",
"Cuba","CUB","Total alcohol consumption per capita (liters of pure alcohol, projected estimates, 15+ years of age)","SH.ALC.PCAP.LI","","","","","","","","","","","","","","","","","","","","","","","","","","","","","","","","","","","","","","","","","","","","","","","","","","","","","","","","5.5","","",
"Curacao","CUW","Total alcohol consumption per capita (liters of pure alcohol, projected estimates, 15+ years of age)","SH.ALC.PCAP.LI","","","","","","","","","","","","","","","","","","","","","","","","","","","","","","","","","","","","","","","","","","","","","","","","","","","","","","","","","","",
"Cayman Islands","CYM","Total alcohol consumption per capita (liters of pure alcohol, projected estimates, 15+ years of age)","SH.ALC.PCAP.LI","","","","","","","","","","","","","","","","","","","","","","","","","","","","","","","","","","","","","","","","","","","","","","","","","","","","","","","","","","",
"Cyprus","CYP","Total alcohol consumption per capita (liters of pure alcohol, projected estimates, 15+ years of age)","SH.ALC.PCAP.LI","","","","","","","","","","","","","","","","","","","","","","","","","","","","","","","","","","","","","","","","","","","","","","","","","","","","","","","","9.1","","",
"Czech Republic","CZE","Total alcohol consumption per capita (liters of pure alcohol, projected estimates, 15+ years of age)","SH.ALC.PCAP.LI","","","","","","","","","","","","","","","","","","","","","","","","","","","","","","","","","","","","","","","","","","","","","","","","","","","","","","","","14.1","","",
"Germany","DEU","Total alcohol consumption per capita (liters of pure alcohol, projected estimates, 15+ years of age)","SH.ALC.PCAP.LI","","","","","","","","","","","","","","","","","","","","","","","","","","","","","","","","","","","","","","","","","","","","","","","","","","","","","","","","10.6","","",
"Djibouti","DJI","Total alcohol consumption per capita (liters of pure alcohol, projected estimates, 15+ years of age)","SH.ALC.PCAP.LI","","","","","","","","","","","","","","","","","","","","","","","","","","","","","","","","","","","","","","","","","","","","","","","","","","","","","","","","0.9","","",
"Dominica","DMA","Total alcohol consumption per capita (liters of pure alcohol, projected estimates, 15+ years of age)","SH.ALC.PCAP.LI","","","","","","","","","","","","","","","","","","","","","","","","","","","","","","","","","","","","","","","","","","","","","","","","","","","","","","","","6.6","","",
"Denmark","DNK","Total alcohol consumption per capita (liters of pure alcohol, projected estimates, 15+ years of age)","SH.ALC.PCAP.LI","","","","","","","","","","","","","","","","","","","","","","","","","","","","","","","","","","","","","","","","","","","","","","","","","","","","","","","","10.2","","",
"Dominican Republic","DOM","Total alcohol consumption per capita (liters of pure alcohol, projected estimates, 15+ years of age)","SH.ALC.PCAP.LI","","","","","","","","","","","","","","","","","","","","","","","","","","","","","","","","","","","","","","","","","","","","","","","","","","","","","","","","7.6","","",
"Algeria","DZA","Total alcohol consumption per capita (liters of pure alcohol, projected estimates, 15+ years of age)","SH.ALC.PCAP.LI","","","","","","","","","","","","","","","","","","","","","","","","","","","","","","","","","","","","","","","","","","","","","","","","","","","","","","","","0.6","","",
"East Asia & Pacific (excluding high income)","EAP","Total alcohol consumption per capita (liters of pure alcohol, projected estimates, 15+ years of age)","SH.ALC.PCAP.LI","","","","","","","","","","","","","","","","","","","","","","","","","","","","","","","","","","","","","","","","","","","","","","","","","","","","","","","","6.46424630229604","","",
"Early-demographic dividend","EAR","Total alcohol consumption per capita (liters of pure alcohol, projected estimates, 15+ years of age)","SH.ALC.PCAP.LI","","","","","","","","","","","","","","","","","","","","","","","","","","","","","","","","","","","","","","","","","","","","","","","","","","","","","","","","3.63553744752502","","",
"East Asia & Pacific","EAS","Total alcohol consumption per capita (liters of pure alcohol, projected estimates, 15+ years of age)","SH.ALC.PCAP.LI","","","","","","","","","","","","","","","","","","","","","","","","","","","","","","","","","","","","","","","","","","","","","","","","","","","","","","","","6.70159872985248","","",
"Europe & Central Asia (excluding high income)","ECA","Total alcohol consumption per capita (liters of pure alcohol, projected estimates, 15+ years of age)","SH.ALC.PCAP.LI","","","","","","","","","","","","","","","","","","","","","","","","","","","","","","","","","","","","","","","","","","","","","","","","","","","","","","","","9.98753662893621","","",
"Europe & Central Asia","ECS","Total alcohol consumption per capita (liters of pure alcohol, projected estimates, 15+ years of age)","SH.ALC.PCAP.LI","","","","","","","","","","","","","","","","","","","","","","","","","","","","","","","","","","","","","","","","","","","","","","","","","","","","","","","","10.2489018328993","","",
"Ecuador","ECU","Total alcohol consumption per capita (liters of pure alcohol, projected estimates, 15+ years of age)","SH.ALC.PCAP.LI","","","","","","","","","","","","","","","","","","","","","","","","","","","","","","","","","","","","","","","","","","","","","","","","","","","","","","","","6.1","","",
"Egypt, Arab Rep.","EGY","Total alcohol consumption per capita (liters of pure alcohol, projected estimates, 15+ years of age)","SH.ALC.PCAP.LI","","","","","","","","","","","","","","","","","","","","","","","","","","","","","","","","","","","","","","","","","","","","","","","","","","","","","","","","0.3","","",
"Euro area","EMU","Total alcohol consumption per capita (liters of pure alcohol, projected estimates, 15+ years of age)","SH.ALC.PCAP.LI","","","","","","","","","","","","","","","","","","","","","","","","","","","","","","","","","","","","","","","","","","","","","","","","","","","","","","","","9.98506456542768","","",
"Eritrea","ERI","Total alcohol consumption per capita (liters of pure alcohol, projected estimates, 15+ years of age)","SH.ALC.PCAP.LI","","","","","","","","","","","","","","","","","","","","","","","","","","","","","","","","","","","","","","","","","","","","","","","","","","","","","","","","1.4","","",
"Spain","ESP","Total alcohol consumption per capita (liters of pure alcohol, projected estimates, 15+ years of age)","SH.ALC.PCAP.LI","","","","","","","","","","","","","","","","","","","","","","","","","","","","","","","","","","","","","","","","","","","","","","","","","","","","","","","","10.6","","",
"Estonia","EST","Total alcohol consumption per capita (liters of pure alcohol, projected estimates, 15+ years of age)","SH.ALC.PCAP.LI","","","","","","","","","","","","","","","","","","","","","","","","","","","","","","","","","","","","","","","","","","","","","","","","","","","","","","","","","","",
"Ethiopia","ETH","Total alcohol consumption per capita (liters of pure alcohol, projected estimates, 15+ years of age)","SH.ALC.PCAP.LI","","","","","","","","","","","","","","","","","","","","","","","","","","","","","","","","","","","","","","","","","","","","","","","","","","","","","","","","4.3","","",
"European Union","EUU","Total alcohol consumption per capita (liters of pure alcohol, projected estimates, 15+ years of age)","SH.ALC.PCAP.LI","","","","","","","","","","","","","","","","","","","","","","","","","","","","","","","","","","","","","","","","","","","","","","","","","","","","","","","","10.6088632502918","","",
"Fragile and conflict affected situations","FCS","Total alcohol consumption per capita (liters of pure alcohol, projected estimates, 15+ years of age)","SH.ALC.PCAP.LI","","","","","","","","","","","","","","","","","","","","","","","","","","","","","","","","","","","","","","","","","","","","","","","","","","","","","","","","2.47592081452884","","",
"Finland","FIN","Total alcohol consumption per capita (liters of pure alcohol, projected estimates, 15+ years of age)","SH.ALC.PCAP.LI","","","","","","","","","","","","","","","","","","","","","","","","","","","","","","","","","","","","","","","","","","","","","","","","","","","","","","","","11.9","","",
"Fiji","FJI","Total alcohol consumption per capita (liters of pure alcohol, projected estimates, 15+ years of age)","SH.ALC.PCAP.LI","","","","","","","","","","","","","","","","","","","","","","","","","","","","","","","","","","","","","","","","","","","","","","","","","","","","","","","","3.2","","",
"France","FRA","Total alcohol consumption per capita (liters of pure alcohol, projected estimates, 15+ years of age)","SH.ALC.PCAP.LI","","","","","","","","","","","","","","","","","","","","","","","","","","","","","","","","","","","","","","","","","","","","","","","","","","","","","","","","11.6","","",
"Faroe Islands","FRO","Total alcohol consumption per capita (liters of pure alcohol, projected estimates, 15+ years of age)","SH.ALC.PCAP.LI","","","","","","","","","","","","","","","","","","","","","","","","","","","","","","","","","","","","","","","","","","","","","","","","","","","","","","","","","","",
"Micronesia, Fed. Sts.","FSM","Total alcohol consumption per capita (liters of pure alcohol, projected estimates, 15+ years of age)","SH.ALC.PCAP.LI","","","","","","","","","","","","","","","","","","","","","","","","","","","","","","","","","","","","","","","","","","","","","","","","","","","","","","","","3.5","","",
"Gabon","GAB","Total alcohol consumption per capita (liters of pure alcohol, projected estimates, 15+ years of age)","SH.ALC.PCAP.LI","","","","","","","","","","","","","","","","","","","","","","","","","","","","","","","","","","","","","","","","","","","","","","","","","","","","","","","","11.8","","",
"United Kingdom","GBR","Total alcohol consumption per capita (liters of pure alcohol, projected estimates, 15+ years of age)","SH.ALC.PCAP.LI","","","","","","","","","","","","","","","","","","","","","","","","","","","","","","","","","","","","","","","","","","","","","","","","","","","","","","","","12","","",
"Georgia","GEO","Total alcohol consumption per capita (liters of pure alcohol, projected estimates, 15+ years of age)","SH.ALC.PCAP.LI","","","","","","","","","","","","","","","","","","","","","","","","","","","","","","","","","","","","","","","","","","","","","","","","","","","","","","","","6.7","","",
"Ghana","GHA","Total alcohol consumption per capita (liters of pure alcohol, projected estimates, 15+ years of age)","SH.ALC.PCAP.LI","","","","","","","","","","","","","","","","","","","","","","","","","","","","","","","","","","","","","","","","","","","","","","","","","","","","","","","","5.4","","",
"Gibraltar","GIB","Total alcohol consumption per capita (liters of pure alcohol, projected estimates, 15+ years of age)","SH.ALC.PCAP.LI","","","","","","","","","","","","","","","","","","","","","","","","","","","","","","","","","","","","","","","","","","","","","","","","","","","","","","","","","","",
"Guinea","GIN","Total alcohol consumption per capita (liters of pure alcohol, projected estimates, 15+ years of age)","SH.ALC.PCAP.LI","","","","","","","","","","","","","","","","","","","","","","","","","","","","","","","","","","","","","","","","","","","","","","","","","","","","","","","","0.7","","",
"Gambia, The","GMB","Total alcohol consumption per capita (liters of pure alcohol, projected estimates, 15+ years of age)","SH.ALC.PCAP.LI","","","","","","","","","","","","","","","","","","","","","","","","","","","","","","","","","","","","","","","","","","","","","","","","","","","","","","","","3.2","","",
"Guinea-Bissau","GNB","Total alcohol consumption per capita (liters of pure alcohol, projected estimates, 15+ years of age)","SH.ALC.PCAP.LI","","","","","","","","","","","","","","","","","","","","","","","","","","","","","","","","","","","","","","","","","","","","","","","","","","","","","","","","4.3","","",
"Equatorial Guinea","GNQ","Total alcohol consumption per capita (liters of pure alcohol, projected estimates, 15+ years of age)","SH.ALC.PCAP.LI","","","","","","","","","","","","","","","","","","","","","","","","","","","","","","","","","","","","","","","","","","","","","","","","","","","","","","","","8.1","","",
"Greece","GRC","Total alcohol consumption per capita (liters of pure alcohol, projected estimates, 15+ years of age)","SH.ALC.PCAP.LI","","","","","","","","","","","","","","","","","","","","","","","","","","","","","","","","","","","","","","","","","","","","","","","","","","","","","","","","9.3","","",
"Grenada","GRD","Total alcohol consumption per capita (liters of pure alcohol, projected estimates, 15+ years of age)","SH.ALC.PCAP.LI","","","","","","","","","","","","","","","","","","","","","","","","","","","","","","","","","","","","","","","","","","","","","","","","","","","","","","","","10.4","","",
"Greenland","GRL","Total alcohol consumption per capita (liters of pure alcohol, projected estimates, 15+ years of age)","SH.ALC.PCAP.LI","","","","","","","","","","","","","","","","","","","","","","","","","","","","","","","","","","","","","","","","","","","","","","","","","","","","","","","","","","",
"Guatemala","GTM","Total alcohol consumption per capita (liters of pure alcohol, projected estimates, 15+ years of age)","SH.ALC.PCAP.LI","","","","","","","","","","","","","","","","","","","","","","","","","","","","","","","","","","","","","","","","","","","","","","","","","","","","","","","","3.9","","",
"Guam","GUM","Total alcohol consumption per capita (liters of pure alcohol, projected estimates, 15+ years of age)","SH.ALC.PCAP.LI","","","","","","","","","","","","","","","","","","","","","","","","","","","","","","","","","","","","","","","","","","","","","","","","","","","","","","","","","","",
"Guyana","GUY","Total alcohol consumption per capita (liters of pure alcohol, projected estimates, 15+ years of age)","SH.ALC.PCAP.LI","","","","","","","","","","","","","","","","","","","","","","","","","","","","","","","","","","","","","","","","","","","","","","","","","","","","","","","","8.6","","",
"High income","HIC","Total alcohol consumption per capita (liters of pure alcohol, projected estimates, 15+ years of age)","SH.ALC.PCAP.LI","","","","","","","","","","","","","","","","","","","","","","","","","","","","","","","","","","","","","","","","","","","","","","","","","","","","","","","","9.25573979009647","","",
"Hong Kong SAR, China","HKG","Total alcohol consumption per capita (liters of pure alcohol, projected estimates, 15+ years of age)","SH.ALC.PCAP.LI","","","","","","","","","","","","","","","","","","","","","","","","","","","","","","","","","","","","","","","","","","","","","","","","","","","","","","","","","","",
"Honduras","HND","Total alcohol consumption per capita (liters of pure alcohol, projected estimates, 15+ years of age)","SH.ALC.PCAP.LI","","","","","","","","","","","","","","","","","","","","","","","","","","","","","","","","","","","","","","","","","","","","","","","","","","","","","","","","4","","",
"Heavily indebted poor countries (HIPC)","HPC","Total alcohol consumption per capita (liters of pure alcohol, projected estimates, 15+ years of age)","SH.ALC.PCAP.LI","","","","","","","","","","","","","","","","","","","","","","","","","","","","","","","","","","","","","","","","","","","","","","","","","","","","","","","","4.42435623758141","","",
"Croatia","HRV","Total alcohol consumption per capita (liters of pure alcohol, projected estimates, 15+ years of age)","SH.ALC.PCAP.LI","","","","","","","","","","","","","","","","","","","","","","","","","","","","","","","","","","","","","","","","","","","","","","","","","","","","","","","","11.7","","",
"Haiti","HTI","Total alcohol consumption per capita (liters of pure alcohol, projected estimates, 15+ years of age)","SH.ALC.PCAP.LI","","","","","","","","","","","","","","","","","","","","","","","","","","","","","","","","","","","","","","","","","","","","","","","","","","","","","","","","5.9","","",
"Hungary","HUN","Total alcohol consumption per capita (liters of pure alcohol, projected estimates, 15+ years of age)","SH.ALC.PCAP.LI","","","","","","","","","","","","","","","","","","","","","","","","","","","","","","","","","","","","","","","","","","","","","","","","","","","","","","","","12.4","","",
"IBRD only","IBD","Total alcohol consumption per capita (liters of pure alcohol, projected estimates, 15+ years of age)","SH.ALC.PCAP.LI","","","","","","","","","","","","","","","","","","","","","","","","","","","","","","","","","","","","","","","","","","","","","","","","","","","","","","","","6.27381731114495","","",
"IDA & IBRD total","IBT","Total alcohol consumption per capita (liters of pure alcohol, projected estimates, 15+ years of age)","SH.ALC.PCAP.LI","","","","","","","","","","","","","","","","","","","","","","","","","","","","","","","","","","","","","","","","","","","","","","","","","","","","","","","","5.76415651783379","","",
"IDA total","IDA","Total alcohol consumption per capita (liters of pure alcohol, projected estimates, 15+ years of age)","SH.ALC.PCAP.LI","","","","","","","","","","","","","","","","","","","","","","","","","","","","","","","","","","","","","","","","","","","","","","","","","","","","","","","","3.81687633721155","","",
"IDA blend","IDB","Total alcohol consumption per capita (liters of pure alcohol, projected estimates, 15+ years of age)","SH.ALC.PCAP.LI","","","","","","","","","","","","","","","","","","","","","","","","","","","","","","","","","","","","","","","","","","","","","","","","","","","","","","","","5.2117158838447","","",
"Indonesia","IDN","Total alcohol consumption per capita (liters of pure alcohol, projected estimates, 15+ years of age)","SH.ALC.PCAP.LI","","","","","","","","","","","","","","","","","","","","","","","","","","","","","","","","","","","","","","","","","","","","","","","","","","","","","","","","0.6","","",
"IDA only","IDX","Total alcohol consumption per capita (liters of pure alcohol, projected estimates, 15+ years of age)","SH.ALC.PCAP.LI","","","","","","","","","","","","","","","","","","","","","","","","","","","","","","","","","","","","","","","","","","","","","","","","","","","","","","","","3.10873552277878","","",
"Isle of Man","IMN","Total alcohol consumption per capita (liters of pure alcohol, projected estimates, 15+ years of age)","SH.ALC.PCAP.LI","","","","","","","","","","","","","","","","","","","","","","","","","","","","","","","","","","","","","","","","","","","","","","","","","","","","","","","","","","",
"India","IND","Total alcohol consumption per capita (liters of pure alcohol, projected estimates, 15+ years of age)","SH.ALC.PCAP.LI","","","","","","","","","","","","","","","","","","","","","","","","","","","","","","","","","","","","","","","","","","","","","","","","","","","","","","","","4.6","","",
"Not classified","INX","Total alcohol consumption per capita (liters of pure alcohol, projected estimates, 15+ years of age)","SH.ALC.PCAP.LI","","","","","","","","","","","","","","","","","","","","","","","","","","","","","","","","","","","","","","","","","","","","","","","","","","","","","","","","","","",
"Ireland","IRL","Total alcohol consumption per capita (liters of pure alcohol, projected estimates, 15+ years of age)","SH.ALC.PCAP.LI","","","","","","","","","","","","","","","","","","","","","","","","","","","","","","","","","","","","","","","","","","","","","","","","","","","","","","","","10.9","","",
"Iran, Islamic Rep.","IRN","Total alcohol consumption per capita (liters of pure alcohol, projected estimates, 15+ years of age)","SH.ALC.PCAP.LI","","","","","","","","","","","","","","","","","","","","","","","","","","","","","","","","","","","","","","","","","","","","","","","","","","","","","","","","1","","",
"Iraq","IRQ","Total alcohol consumption per capita (liters of pure alcohol, projected estimates, 15+ years of age)","SH.ALC.PCAP.LI","","","","","","","","","","","","","","","","","","","","","","","","","","","","","","","","","","","","","","","","","","","","","","","","","","","","","","","","0.5","","",
"Iceland","ISL","Total alcohol consumption per capita (liters of pure alcohol, projected estimates, 15+ years of age)","SH.ALC.PCAP.LI","","","","","","","","","","","","","","","","","","","","","","","","","","","","","","","","","","","","","","","","","","","","","","","","","","","","","","","","6.9","","",
"Israel","ISR","Total alcohol consumption per capita (liters of pure alcohol, projected estimates, 15+ years of age)","SH.ALC.PCAP.LI","","","","","","","","","","","","","","","","","","","","","","","","","","","","","","","","","","","","","","","","","","","","","","","","","","","","","","","","3.1","","",
"Italy","ITA","Total alcohol consumption per capita (liters of pure alcohol, projected estimates, 15+ years of age)","SH.ALC.PCAP.LI","","","","","","","","","","","","","","","","","","","","","","","","","","","","","","","","","","","","","","","","","","","","","","","","","","","","","","","","6.1","","",
"Jamaica","JAM","Total alcohol consumption per capita (liters of pure alcohol, projected estimates, 15+ years of age)","SH.ALC.PCAP.LI","","","","","","","","","","","","","","","","","","","","","","","","","","","","","","","","","","","","","","","","","","","","","","","","","","","","","","","","5.1","","",
"Jordan","JOR","Total alcohol consumption per capita (liters of pure alcohol, projected estimates, 15+ years of age)","SH.ALC.PCAP.LI","","","","","","","","","","","","","","","","","","","","","","","","","","","","","","","","","","","","","","","","","","","","","","","","","","","","","","","","0.7","","",
"Japan","JPN","Total alcohol consumption per capita (liters of pure alcohol, projected estimates, 15+ years of age)","SH.ALC.PCAP.LI","","","","","","","","","","","","","","","","","","","","","","","","","","","","","","","","","","","","","","","","","","","","","","","","","","","","","","","","7.5","","",
"Kazakhstan","KAZ","Total alcohol consumption per capita (liters of pure alcohol, projected estimates, 15+ years of age)","SH.ALC.PCAP.LI","","","","","","","","","","","","","","","","","","","","","","","","","","","","","","","","","","","","","","","","","","","","","","","","","","","","","","","","8.2","","",
"Kenya","KEN","Total alcohol consumption per capita (liters of pure alcohol, projected estimates, 15+ years of age)","SH.ALC.PCAP.LI","","","","","","","","","","","","","","","","","","","","","","","","","","","","","","","","","","","","","","","","","","","","","","","","","","","","","","","","4","","",
"Kyrgyz Republic","KGZ","Total alcohol consumption per capita (liters of pure alcohol, projected estimates, 15+ years of age)","SH.ALC.PCAP.LI","","","","","","","","","","","","","","","","","","","","","","","","","","","","","","","","","","","","","","","","","","","","","","","","","","","","","","","","3.9","","",
"Cambodia","KHM","Total alcohol consumption per capita (liters of pure alcohol, projected estimates, 15+ years of age)","SH.ALC.PCAP.LI","","","","","","","","","","","","","","","","","","","","","","","","","","","","","","","","","","","","","","","","","","","","","","","","","","","","","","","","6.1","","",
"Kiribati","KIR","Total alcohol consumption per capita (liters of pure alcohol, projected estimates, 15+ years of age)","SH.ALC.PCAP.LI","","","","","","","","","","","","","","","","","","","","","","","","","","","","","","","","","","","","","","","","","","","","","","","","","","","","","","","","2.9","","",
"St. Kitts and Nevis","KNA","Total alcohol consumption per capita (liters of pure alcohol, projected estimates, 15+ years of age)","SH.ALC.PCAP.LI","","","","","","","","","","","","","","","","","","","","","","","","","","","","","","","","","","","","","","","","","","","","","","","","","","","","","","","","7","","",
"Korea, Rep.","KOR","Total alcohol consumption per capita (liters of pure alcohol, projected estimates, 15+ years of age)","SH.ALC.PCAP.LI","","","","","","","","","","","","","","","","","","","","","","","","","","","","","","","","","","","","","","","","","","","","","","","","","","","","","","","","10.9","","",
"Kuwait","KWT","Total alcohol consumption per capita (liters of pure alcohol, projected estimates, 15+ years of age)","SH.ALC.PCAP.LI","","","","","","","","","","","","","","","","","","","","","","","","","","","","","","","","","","","","","","","","","","","","","","","","","","","","","","","","0.1","","",
"Latin America & Caribbean (excluding high income)","LAC","Total alcohol consumption per capita (liters of pure alcohol, projected estimates, 15+ years of age)","SH.ALC.PCAP.LI","","","","","","","","","","","","","","","","","","","","","","","","","","","","","","","","","","","","","","","","","","","","","","","","","","","","","","","","7.45047884671998","","",
"Lao PDR","LAO","Total alcohol consumption per capita (liters of pure alcohol, projected estimates, 15+ years of age)","SH.ALC.PCAP.LI","","","","","","","","","","","","","","","","","","","","","","","","","","","","","","","","","","","","","","","","","","","","","","","","","","","","","","","","7.5","","",
"Lebanon","LBN","Total alcohol consumption per capita (liters of pure alcohol, projected estimates, 15+ years of age)","SH.ALC.PCAP.LI","","","","","","","","","","","","","","","","","","","","","","","","","","","","","","","","","","","","","","","","","","","","","","","","","","","","","","","","2.2","","",
"Liberia","LBR","Total alcohol consumption per capita (liters of pure alcohol, projected estimates, 15+ years of age)","SH.ALC.PCAP.LI","","","","","","","","","","","","","","","","","","","","","","","","","","","","","","","","","","","","","","","","","","","","","","","","","","","","","","","","5.2","","",
"Libya","LBY","Total alcohol consumption per capita (liters of pure alcohol, projected estimates, 15+ years of age)","SH.ALC.PCAP.LI","","","","","","","","","","","","","","","","","","","","","","","","","","","","","","","","","","","","","","","","","","","","","","","","","","","","","","","","0","","",
"St. Lucia","LCA","Total alcohol consumption per capita (liters of pure alcohol, projected estimates, 15+ years of age)","SH.ALC.PCAP.LI","","","","","","","","","","","","","","","","","","","","","","","","","","","","","","","","","","","","","","","","","","","","","","","","","","","","","","","","10.4","","",
"Latin America & Caribbean","LCN","Total alcohol consumption per capita (liters of pure alcohol, projected estimates, 15+ years of age)","SH.ALC.PCAP.LI","","","","","","","","","","","","","","","","","","","","","","","","","","","","","","","","","","","","","","","","","","","","","","","","","","","","","","","","7.49839913912321","","",
"Least developed countries: UN classification","LDC","Total alcohol consumption per capita (liters of pure alcohol, projected estimates, 15+ years of age)","SH.ALC.PCAP.LI","","","","","","","","","","","","","","","","","","","","","","","","","","","","","","","","","","","","","","","","","","","","","","","","","","","","","","","","3.08725887925366","","",
"Low income","LIC","Total alcohol consumption per capita (liters of pure alcohol, projected estimates, 15+ years of age)","SH.ALC.PCAP.LI","","","","","","","","","","","","","","","","","","","","","","","","","","","","","","","","","","","","","","","","","","","","","","","","","","","","","","","","4.19038629432158","","",
"Liechtenstein","LIE","Total alcohol consumption per capita (liters of pure alcohol, projected estimates, 15+ years of age)","SH.ALC.PCAP.LI","","","","","","","","","","","","","","","","","","","","","","","","","","","","","","","","","","","","","","","","","","","","","","","","","","","","","","","","","","",
"Sri Lanka","LKA","Total alcohol consumption per capita (liters of pure alcohol, projected estimates, 15+ years of age)","SH.ALC.PCAP.LI","","","","","","","","","","","","","","","","","","","","","","","","","","","","","","","","","","","","","","","","","","","","","","","","","","","","","","","","4.5","","",
"Lower middle income","LMC","Total alcohol consumption per capita (liters of pure alcohol, projected estimates, 15+ years of age)","SH.ALC.PCAP.LI","","","","","","","","","","","","","","","","","","","","","","","","","","","","","","","","","","","","","","","","","","","","","","","","","","","","","","","","4.07889829019612","","",
"Low & middle income","LMY","Total alcohol consumption per capita (liters of pure alcohol, projected estimates, 15+ years of age)","SH.ALC.PCAP.LI","","","","","","","","","","","","","","","","","","","","","","","","","","","","","","","","","","","","","","","","","","","","","","","","","","","","","","","","5.70348972649089","","",
"Lesotho","LSO","Total alcohol consumption per capita (liters of pure alcohol, projected estimates, 15+ years of age)","SH.ALC.PCAP.LI","","","","","","","","","","","","","","","","","","","","","","","","","","","","","","","","","","","","","","","","","","","","","","","","","","","","","","","","6.4","","",
"Late-demographic dividend","LTE","Total alcohol consumption per capita (liters of pure alcohol, projected estimates, 15+ years of age)","SH.ALC.PCAP.LI","","","","","","","","","","","","","","","","","","","","","","","","","","","","","","","","","","","","","","","","","","","","","","","","","","","","","","","","8.04856676804032","","",
"Lithuania","LTU","Total alcohol consumption per capita (liters of pure alcohol, projected estimates, 15+ years of age)","SH.ALC.PCAP.LI","","","","","","","","","","","","","","","","","","","","","","","","","","","","","","","","","","","","","","","","","","","","","","","","","","","","","","","","16.2","","",
"Luxembourg","LUX","Total alcohol consumption per capita (liters of pure alcohol, projected estimates, 15+ years of age)","SH.ALC.PCAP.LI","","","","","","","","","","","","","","","","","","","","","","","","","","","","","","","","","","","","","","","","","","","","","","","","","","","","","","","","11.2","","",
"Latvia","LVA","Total alcohol consumption per capita (liters of pure alcohol, projected estimates, 15+ years of age)","SH.ALC.PCAP.LI","","","","","","","","","","","","","","","","","","","","","","","","","","","","","","","","","","","","","","","","","","","","","","","","","","","","","","","","10.6","","",
"Macao SAR, China","MAC","Total alcohol consumption per capita (liters of pure alcohol, projected estimates, 15+ years of age)","SH.ALC.PCAP.LI","","","","","","","","","","","","","","","","","","","","","","","","","","","","","","","","","","","","","","","","","","","","","","","","","","","","","","","","","","",
"St. Martin (French part)","MAF","Total alcohol consumption per capita (liters of pure alcohol, projected estimates, 15+ years of age)","SH.ALC.PCAP.LI","","","","","","","","","","","","","","","","","","","","","","","","","","","","","","","","","","","","","","","","","","","","","","","","","","","","","","","","","","",
"Morocco","MAR","Total alcohol consumption per capita (liters of pure alcohol, projected estimates, 15+ years of age)","SH.ALC.PCAP.LI","","","","","","","","","","","","","","","","","","","","","","","","","","","","","","","","","","","","","","","","","","","","","","","","","","","","","","","","0.7","","",
"Monaco","MCO","Total alcohol consumption per capita (liters of pure alcohol, projected estimates, 15+ years of age)","SH.ALC.PCAP.LI","","","","","","","","","","","","","","","","","","","","","","","","","","","","","","","","","","","","","","","","","","","","","","","","","","","","","","","","","","",
"Moldova","MDA","Total alcohol consumption per capita (liters of pure alcohol, projected estimates, 15+ years of age)","SH.ALC.PCAP.LI","","","","","","","","","","","","","","","","","","","","","","","","","","","","","","","","","","","","","","","","","","","","","","","","","","","","","","","","17.4","","",
"Madagascar","MDG","Total alcohol consumption per capita (liters of pure alcohol, projected estimates, 15+ years of age)","SH.ALC.PCAP.LI","","","","","","","","","","","","","","","","","","","","","","","","","","","","","","","","","","","","","","","","","","","","","","","","","","","","","","","","1.9","","",
"Maldives","MDV","Total alcohol consumption per capita (liters of pure alcohol, projected estimates, 15+ years of age)","SH.ALC.PCAP.LI","","","","","","","","","","","","","","","","","","","","","","","","","","","","","","","","","","","","","","","","","","","","","","","","","","","","","","","","1","","",
"Middle East & North Africa","MEA","Total alcohol consumption per capita (liters of pure alcohol, projected estimates, 15+ years of age)","SH.ALC.PCAP.LI","","","","","","","","","","","","","","","","","","","","","","","","","","","","","","","","","","","","","","","","","","","","","","","","","","","","","","","","0.799709417960331","","",
"Mexico","MEX","Total alcohol consumption per capita (liters of pure alcohol, projected estimates, 15+ years of age)","SH.ALC.PCAP.LI","","","","","","","","","","","","","","","","","","","","","","","","","","","","","","","","","","","","","","","","","","","","","","","","","","","","","","","","6.8","","",
"Marshall Islands","MHL","Total alcohol consumption per capita (liters of pure alcohol, projected estimates, 15+ years of age)","SH.ALC.PCAP.LI","","","","","","","","","","","","","","","","","","","","","","","","","","","","","","","","","","","","","","","","","","","","","","","","","","","","","","","","","","",
"Middle income","MIC","Total alcohol consumption per capita (liters of pure alcohol, projected estimates, 15+ years of age)","SH.ALC.PCAP.LI","","","","","","","","","","","","","","","","","","","","","","","","","","","","","","","","","","","","","","","","","","","","","","","","","","","","","","","","5.83704532224631","","",
"Macedonia, FYR","MKD","Total alcohol consumption per capita (liters of pure alcohol, projected estimates, 15+ years of age)","SH.ALC.PCAP.LI","","","","","","","","","","","","","","","","","","","","","","","","","","","","","","","","","","","","","","","","","","","","","","","","","","","","","","","","5.7","","",
"Mali","MLI","Total alcohol consumption per capita (liters of pure alcohol, projected estimates, 15+ years of age)","SH.ALC.PCAP.LI","","","","","","","","","","","","","","","","","","","","","","","","","","","","","","","","","","","","","","","","","","","","","","","","","","","","","","","","1","","",
"Malta","MLT","Total alcohol consumption per capita (liters of pure alcohol, projected estimates, 15+ years of age)","SH.ALC.PCAP.LI","","","","","","","","","","","","","","","","","","","","","","","","","","","","","","","","","","","","","","","","","","","","","","","","","","","","","","","","7.2","","",
"Myanmar","MMR","Total alcohol consumption per capita (liters of pure alcohol, projected estimates, 15+ years of age)","SH.ALC.PCAP.LI","","","","","","","","","","","","","","","","","","","","","","","","","","","","","","","","","","","","","","","","","","","","","","","","","","","","","","","","0.7","","",
"Middle East & North Africa (excluding high income)","MNA","Total alcohol consumption per capita (liters of pure alcohol, projected estimates, 15+ years of age)","SH.ALC.PCAP.LI","","","","","","","","","","","","","","","","","","","","","","","","","","","","","","","","","","","","","","","","","","","","","","","","","","","","","","","","0.676289298585007","","",
"Montenegro","MNE","Total alcohol consumption per capita (liters of pure alcohol, projected estimates, 15+ years of age)","SH.ALC.PCAP.LI","","","","","","","","","","","","","","","","","","","","","","","","","","","","","","","","","","","","","","","","","","","","","","","","","","","","","","","","11.5","","",
"Mongolia","MNG","Total alcohol consumption per capita (liters of pure alcohol, projected estimates, 15+ years of age)","SH.ALC.PCAP.LI","","","","","","","","","","","","","","","","","","","","","","","","","","","","","","","","","","","","","","","","","","","","","","","","","","","","","","","","7.8","","",
"Northern Mariana Islands","MNP","Total alcohol consumption per capita (liters of pure alcohol, projected estimates, 15+ years of age)","SH.ALC.PCAP.LI","","","","","","","","","","","","","","","","","","","","","","","","","","","","","","","","","","","","","","","","","","","","","","","","","","","","","","","","","","",
"Mozambique","MOZ","Total alcohol consumption per capita (liters of pure alcohol, projected estimates, 15+ years of age)","SH.ALC.PCAP.LI","","","","","","","","","","","","","","","","","","","","","","","","","","","","","","","","","","","","","","","","","","","","","","","","","","","","","","","","2","","",
"Mauritania","MRT","Total alcohol consumption per capita (liters of pure alcohol, projected estimates, 15+ years of age)","SH.ALC.PCAP.LI","","","","","","","","","","","","","","","","","","","","","","","","","","","","","","","","","","","","","","","","","","","","","","","","","","","","","","","","0.1","","",
"Mauritius","MUS","Total alcohol consumption per capita (liters of pure alcohol, projected estimates, 15+ years of age)","SH.ALC.PCAP.LI","","","","","","","","","","","","","","","","","","","","","","","","","","","","","","","","","","","","","","","","","","","","","","","","","","","","","","","","4","","",
"Malawi","MWI","Total alcohol consumption per capita (liters of pure alcohol, projected estimates, 15+ years of age)","SH.ALC.PCAP.LI","","","","","","","","","","","","","","","","","","","","","","","","","","","","","","","","","","","","","","","","","","","","","","","","","","","","","","","","2.5","","",
"Malaysia","MYS","Total alcohol consumption per capita (liters of pure alcohol, projected estimates, 15+ years of age)","SH.ALC.PCAP.LI","","","","","","","","","","","","","","","","","","","","","","","","","","","","","","","","","","","","","","","","","","","","","","","","","","","","","","","","1.7","","",
"North America","NAC","Total alcohol consumption per capita (liters of pure alcohol, projected estimates, 15+ years of age)","SH.ALC.PCAP.LI","","","","","","","","","","","","","","","","","","","","","","","","","","","","","","","","","","","","","","","","","","","","","","","","","","","","","","","","9.13532083204077","","",
"Namibia","NAM","Total alcohol consumption per capita (liters of pure alcohol, projected estimates, 15+ years of age)","SH.ALC.PCAP.LI","","","","","","","","","","","","","","","","","","","","","","","","","","","","","","","","","","","","","","","","","","","","","","","","","","","","","","","","11.8","","",
"New Caledonia","NCL","Total alcohol consumption per capita (liters of pure alcohol, projected estimates, 15+ years of age)","SH.ALC.PCAP.LI","","","","","","","","","","","","","","","","","","","","","","","","","","","","","","","","","","","","","","","","","","","","","","","","","","","","","","","","","","",
"Niger","NER","Total alcohol consumption per capita (liters of pure alcohol, projected estimates, 15+ years of age)","SH.ALC.PCAP.LI","","","","","","","","","","","","","","","","","","","","","","","","","","","","","","","","","","","","","","","","","","","","","","","","","","","","","","","","0.3","","",
"Nigeria","NGA","Total alcohol consumption per capita (liters of pure alcohol, projected estimates, 15+ years of age)","SH.ALC.PCAP.LI","","","","","","","","","","","","","","","","","","","","","","","","","","","","","","","","","","","","","","","","","","","","","","","","","","","","","","","","11.3","","",
"Nicaragua","NIC","Total alcohol consumption per capita (liters of pure alcohol, projected estimates, 15+ years of age)","SH.ALC.PCAP.LI","","","","","","","","","","","","","","","","","","","","","","","","","","","","","","","","","","","","","","","","","","","","","","","","","","","","","","","","4.6","","",
"Netherlands","NLD","Total alcohol consumption per capita (liters of pure alcohol, projected estimates, 15+ years of age)","SH.ALC.PCAP.LI","","","","","","","","","","","","","","","","","","","","","","","","","","","","","","","","","","","","","","","","","","","","","","","","","","","","","","","","9.6","","",
"Norway","NOR","Total alcohol consumption per capita (liters of pure alcohol, projected estimates, 15+ years of age)","SH.ALC.PCAP.LI","","","","","","","","","","","","","","","","","","","","","","","","","","","","","","","","","","","","","","","","","","","","","","","","","","","","","","","","7","","",
"Nepal","NPL","Total alcohol consumption per capita (liters of pure alcohol, projected estimates, 15+ years of age)","SH.ALC.PCAP.LI","","","","","","","","","","","","","","","","","","","","","","","","","","","","","","","","","","","","","","","","","","","","","","","","","","","","","","","","2.1","","",
"Nauru","NRU","Total alcohol consumption per capita (liters of pure alcohol, projected estimates, 15+ years of age)","SH.ALC.PCAP.LI","","","","","","","","","","","","","","","","","","","","","","","","","","","","","","","","","","","","","","","","","","","","","","","","","","","","","","","","3","","",
"New Zealand","NZL","Total alcohol consumption per capita (liters of pure alcohol, projected estimates, 15+ years of age)","SH.ALC.PCAP.LI","","","","","","","","","","","","","","","","","","","","","","","","","","","","","","","","","","","","","","","","","","","","","","","","","","","","","","","","11.2","","",
"OECD members","OED","Total alcohol consumption per capita (liters of pure alcohol, projected estimates, 15+ years of age)","SH.ALC.PCAP.LI","","","","","","","","","","","","","","","","","","","","","","","","","","","","","","","","","","","","","","","","","","","","","","","","","","","","","","","","9.00292793194086","","",
"Oman","OMN","Total alcohol consumption per capita (liters of pure alcohol, projected estimates, 15+ years of age)","SH.ALC.PCAP.LI","","","","","","","","","","","","","","","","","","","","","","","","","","","","","","","","","","","","","","","","","","","","","","","","","","","","","","","","0.9","","",
"Other small states","OSS","Total alcohol consumption per capita (liters of pure alcohol, projected estimates, 15+ years of age)","SH.ALC.PCAP.LI","","","","","","","","","","","","","","","","","","","","","","","","","","","","","","","","","","","","","","","","","","","","","","","","","","","","","","","","5.58681153406352","","",
"Pakistan","PAK","Total alcohol consumption per capita (liters of pure alcohol, projected estimates, 15+ years of age)","SH.ALC.PCAP.LI","","","","","","","","","","","","","","","","","","","","","","","","","","","","","","","","","","","","","","","","","","","","","","","","","","","","","","","","0.1","","",
"Panama","PAN","Total alcohol consumption per capita (liters of pure alcohol, projected estimates, 15+ years of age)","SH.ALC.PCAP.LI","","","","","","","","","","","","","","","","","","","","","","","","","","","","","","","","","","","","","","","","","","","","","","","","","","","","","","","","7.7","","",
"Peru","PER","Total alcohol consumption per capita (liters of pure alcohol, projected estimates, 15+ years of age)","SH.ALC.PCAP.LI","","","","","","","","","","","","","","","","","","","","","","","","","","","","","","","","","","","","","","","","","","","","","","","","","","","","","","","","5.2","","",
"Philippines","PHL","Total alcohol consumption per capita (liters of pure alcohol, projected estimates, 15+ years of age)","SH.ALC.PCAP.LI","","","","","","","","","","","","","","","","","","","","","","","","","","","","","","","","","","","","","","","","","","","","","","","","","","","","","","","","5.6","","",
"Palau","PLW","Total alcohol consumption per capita (liters of pure alcohol, projected estimates, 15+ years of age)","SH.ALC.PCAP.LI","","","","","","","","","","","","","","","","","","","","","","","","","","","","","","","","","","","","","","","","","","","","","","","","","","","","","","","","","","",
"Papua New Guinea","PNG","Total alcohol consumption per capita (liters of pure alcohol, projected estimates, 15+ years of age)","SH.ALC.PCAP.LI","","","","","","","","","","","","","","","","","","","","","","","","","","","","","","","","","","","","","","","","","","","","","","","","","","","","","","","","3.1","","",
"Poland","POL","Total alcohol consumption per capita (liters of pure alcohol, projected estimates, 15+ years of age)","SH.ALC.PCAP.LI","","","","","","","","","","","","","","","","","","","","","","","","","","","","","","","","","","","","","","","","","","","","","","","","","","","","","","","","11.5","","",
"Pre-demographic dividend","PRE","Total alcohol consumption per capita (liters of pure alcohol, projected estimates, 15+ years of age)","SH.ALC.PCAP.LI","","","","","","","","","","","","","","","","","","","","","","","","","","","","","","","","","","","","","","","","","","","","","","","","","","","","","","","","5.66006472712185","","",
"Puerto Rico","PRI","Total alcohol consumption per capita (liters of pure alcohol, projected estimates, 15+ years of age)","SH.ALC.PCAP.LI","","","","","","","","","","","","","","","","","","","","","","","","","","","","","","","","","","","","","","","","","","","","","","","","","","","","","","","","","","",
"Korea, Dem. People’s Rep.","PRK","Total alcohol consumption per capita (liters of pure alcohol, projected estimates, 15+ years of age)","SH.ALC.PCAP.LI","","","","","","","","","","","","","","","","","","","","","","","","","","","","","","","","","","","","","","","","","","","","","","","","","","","","","","","","4.4","","",
"Portugal","PRT","Total alcohol consumption per capita (liters of pure alcohol, projected estimates, 15+ years of age)","SH.ALC.PCAP.LI","","","","","","","","","","","","","","","","","","","","","","","","","","","","","","","","","","","","","","","","","","","","","","","","","","","","","","","","12.5","","",
"Paraguay","PRY","Total alcohol consumption per capita (liters of pure alcohol, projected estimates, 15+ years of age)","SH.ALC.PCAP.LI","","","","","","","","","","","","","","","","","","","","","","","","","","","","","","","","","","","","","","","","","","","","","","","","","","","","","","","","9.6","","",
"West Bank and Gaza","PSE","Total alcohol consumption per capita (liters of pure alcohol, projected estimates, 15+ years of age)","SH.ALC.PCAP.LI","","","","","","","","","","","","","","","","","","","","","","","","","","","","","","","","","","","","","","","","","","","","","","","","","","","","","","","","","","",
"Pacific island small states","PSS","Total alcohol consumption per capita (liters of pure alcohol, projected estimates, 15+ years of age)","SH.ALC.PCAP.LI","","","","","","","","","","","","","","","","","","","","","","","","","","","","","","","","","","","","","","","","","","","","","","","","","","","","","","","","2.48409102205745","","",
"Post-demographic dividend","PST","Total alcohol consumption per capita (liters of pure alcohol, projected estimates, 15+ years of age)","SH.ALC.PCAP.LI","","","","","","","","","","","","","","","","","","","","","","","","","","","","","","","","","","","","","","","","","","","","","","","","","","","","","","","","9.72284314838842","","",
"French Polynesia","PYF","Total alcohol consumption per capita (liters of pure alcohol, projected estimates, 15+ years of age)","SH.ALC.PCAP.LI","","","","","","","","","","","","","","","","","","","","","","","","","","","","","","","","","","","","","","","","","","","","","","","","","","","","","","","","","","",
"Qatar","QAT","Total alcohol consumption per capita (liters of pure alcohol, projected estimates, 15+ years of age)","SH.ALC.PCAP.LI","","","","","","","","","","","","","","","","","","","","","","","","","","","","","","","","","","","","","","","","","","","","","","","","","","","","","","","","1.3","","",
"Romania","ROU","Total alcohol consumption per capita (liters of pure alcohol, projected estimates, 15+ years of age)","SH.ALC.PCAP.LI","","","","","","","","","","","","","","","","","","","","","","","","","","","","","","","","","","","","","","","","","","","","","","","","","","","","","","","","12.9","","",
"Russian Federation","RUS","Total alcohol consumption per capita (liters of pure alcohol, projected estimates, 15+ years of age)","SH.ALC.PCAP.LI","","","","","","","","","","","","","","","","","","","","","","","","","","","","","","","","","","","","","","","","","","","","","","","","","","","","","","","","14.5","","",
"Rwanda","RWA","Total alcohol consumption per capita (liters of pure alcohol, projected estimates, 15+ years of age)","SH.ALC.PCAP.LI","","","","","","","","","","","","","","","","","","","","","","","","","","","","","","","","","","","","","","","","","","","","","","","","","","","","","","","","10","","",
"South Asia","SAS","Total alcohol consumption per capita (liters of pure alcohol, projected estimates, 15+ years of age)","SH.ALC.PCAP.LI","","","","","","","","","","","","","","","","","","","","","","","","","","","","","","","","","","","","","","","","","","","","","","","","","","","","","","","","3.64138266694339","","",
"Saudi Arabia","SAU","Total alcohol consumption per capita (liters of pure alcohol, projected estimates, 15+ years of age)","SH.ALC.PCAP.LI","","","","","","","","","","","","","","","","","","","","","","","","","","","","","","","","","","","","","","","","","","","","","","","","","","","","","","","","0.2","","",
"Sudan","SDN","Total alcohol consumption per capita (liters of pure alcohol, projected estimates, 15+ years of age)","SH.ALC.PCAP.LI","","","","","","","","","","","","","","","","","","","","","","","","","","","","","","","","","","","","","","","","","","","","","","","","","","","","","","","","2.7","","",
"Senegal","SEN","Total alcohol consumption per capita (liters of pure alcohol, projected estimates, 15+ years of age)","SH.ALC.PCAP.LI","","","","","","","","","","","","","","","","","","","","","","","","","","","","","","","","","","","","","","","","","","","","","","","","","","","","","","","","0.5","","",
"Singapore","SGP","Total alcohol consumption per capita (liters of pure alcohol, projected estimates, 15+ years of age)","SH.ALC.PCAP.LI","","","","","","","","","","","","","","","","","","","","","","","","","","","","","","","","","","","","","","","","","","","","","","","","","","","","","","","","2.9","","",
"Solomon Islands","SLB","Total alcohol consumption per capita (liters of pure alcohol, projected estimates, 15+ years of age)","SH.ALC.PCAP.LI","","","","","","","","","","","","","","","","","","","","","","","","","","","","","","","","","","","","","","","","","","","","","","","","","","","","","","","","1.6","","",
"Sierra Leone","SLE","Total alcohol consumption per capita (liters of pure alcohol, projected estimates, 15+ years of age)","SH.ALC.PCAP.LI","","","","","","","","","","","","","","","","","","","","","","","","","","","","","","","","","","","","","","","","","","","","","","","","","","","","","","","","8.2","","",
"El Salvador","SLV","Total alcohol consumption per capita (liters of pure alcohol, projected estimates, 15+ years of age)","SH.ALC.PCAP.LI","","","","","","","","","","","","","","","","","","","","","","","","","","","","","","","","","","","","","","","","","","","","","","","","","","","","","","","","3.5","","",
"San Marino","SMR","Total alcohol consumption per capita (liters of pure alcohol, projected estimates, 15+ years of age)","SH.ALC.PCAP.LI","","","","","","","","","","","","","","","","","","","","","","","","","","","","","","","","","","","","","","","","","","","","","","","","","","","","","","","","","","",
"Somalia","SOM","Total alcohol consumption per capita (liters of pure alcohol, projected estimates, 15+ years of age)","SH.ALC.PCAP.LI","","","","","","","","","","","","","","","","","","","","","","","","","","","","","","","","","","","","","","","","","","","","","","","","","","","","","","","","0.5","","",
"Serbia","SRB","Total alcohol consumption per capita (liters of pure alcohol, projected estimates, 15+ years of age)","SH.ALC.PCAP.LI","","","","","","","","","","","","","","","","","","","","","","","","","","","","","","","","","","","","","","","","","","","","","","","","","","","","","","","","12.9","","",
"Sub-Saharan Africa (excluding high income)","SSA","Total alcohol consumption per capita (liters of pure alcohol, projected estimates, 15+ years of age)","SH.ALC.PCAP.LI","","","","","","","","","","","","","","","","","","","","","","","","","","","","","","","","","","","","","","","","","","","","","","","","","","","","","","","","6.34377304985558","","",
"South Sudan","SSD","Total alcohol consumption per capita (liters of pure alcohol, projected estimates, 15+ years of age)","SH.ALC.PCAP.LI","","","","","","","","","","","","","","","","","","","","","","","","","","","","","","","","","","","","","","","","","","","","","","","","","","","","","","","","","","",
"Sub-Saharan Africa","SSF","Total alcohol consumption per capita (liters of pure alcohol, projected estimates, 15+ years of age)","SH.ALC.PCAP.LI","","","","","","","","","","","","","","","","","","","","","","","","","","","","","","","","","","","","","","","","","","","","","","","","","","","","","","","","6.34381907313408","","",
"Small states","SST","Total alcohol consumption per capita (liters of pure alcohol, projected estimates, 15+ years of age)","SH.ALC.PCAP.LI","","","","","","","","","","","","","","","","","","","","","","","","","","","","","","","","","","","","","","","","","","","","","","","","","","","","","","","","5.55712668255267","","",
"Sao Tome and Principe","STP","Total alcohol consumption per capita (liters of pure alcohol, projected estimates, 15+ years of age)","SH.ALC.PCAP.LI","","","","","","","","","","","","","","","","","","","","","","","","","","","","","","","","","","","","","","","","","","","","","","","","","","","","","","","","6.8","","",
"Suriname","SUR","Total alcohol consumption per capita (liters of pure alcohol, projected estimates, 15+ years of age)","SH.ALC.PCAP.LI","","","","","","","","","","","","","","","","","","","","","","","","","","","","","","","","","","","","","","","","","","","","","","","","","","","","","","","","6.5","","",
"Slovak Republic","SVK","Total alcohol consumption per capita (liters of pure alcohol, projected estimates, 15+ years of age)","SH.ALC.PCAP.LI","","","","","","","","","","","","","","","","","","","","","","","","","","","","","","","","","","","","","","","","","","","","","","","","","","","","","","","","12.5","","",
"Slovenia","SVN","Total alcohol consumption per capita (liters of pure alcohol, projected estimates, 15+ years of age)","SH.ALC.PCAP.LI","","","","","","","","","","","","","","","","","","","","","","","","","","","","","","","","","","","","","","","","","","","","","","","","","","","","","","","","10.9","","",
"Sweden","SWE","Total alcohol consumption per capita (liters of pure alcohol, projected estimates, 15+ years of age)","SH.ALC.PCAP.LI","","","","","","","","","","","","","","","","","","","","","","","","","","","","","","","","","","","","","","","","","","","","","","","","","","","","","","","","8.7","","",
"Swaziland","SWZ","Total alcohol consumption per capita (liters of pure alcohol, projected estimates, 15+ years of age)","SH.ALC.PCAP.LI","","","","","","","","","","","","","","","","","","","","","","","","","","","","","","","","","","","","","","","","","","","","","","","","","","","","","","","","6.4","","",
"Sint Maarten (Dutch part)","SXM","Total alcohol consumption per capita (liters of pure alcohol, projected estimates, 15+ years of age)","SH.ALC.PCAP.LI","","","","","","","","","","","","","","","","","","","","","","","","","","","","","","","","","","","","","","","","","","","","","","","","","","","","","","","","","","",
"Seychelles","SYC","Total alcohol consumption per capita (liters of pure alcohol, projected estimates, 15+ years of age)","SH.ALC.PCAP.LI","","","","","","","","","","","","","","","","","","","","","","","","","","","","","","","","","","","","","","","","","","","","","","","","","","","","","","","","6.7","","",
"Syrian Arab Republic","SYR","Total alcohol consumption per capita (liters of pure alcohol, projected estimates, 15+ years of age)","SH.ALC.PCAP.LI","","","","","","","","","","","","","","","","","","","","","","","","","","","","","","","","","","","","","","","","","","","","","","","","","","","","","","","","1.4","","",
"Turks and Caicos Islands","TCA","Total alcohol consumption per capita (liters of pure alcohol, projected estimates, 15+ years of age)","SH.ALC.PCAP.LI","","","","","","","","","","","","","","","","","","","","","","","","","","","","","","","","","","","","","","","","","","","","","","","","","","","","","","","","","","",
"Chad","TCD","Total alcohol consumption per capita (liters of pure alcohol, projected estimates, 15+ years of age)","SH.ALC.PCAP.LI","","","","","","","","","","","","","","","","","","","","","","","","","","","","","","","","","","","","","","","","","","","","","","","","","","","","","","","","4.4","","",
"East Asia & Pacific (IDA & IBRD countries)","TEA","Total alcohol consumption per capita (liters of pure alcohol, projected estimates, 15+ years of age)","SH.ALC.PCAP.LI","","","","","","","","","","","","","","","","","","","","","","","","","","","","","","","","","","","","","","","","","","","","","","","","","","","","","","","","6.49000811607754","","",
"Europe & Central Asia (IDA & IBRD countries)","TEC","Total alcohol consumption per capita (liters of pure alcohol, projected estimates, 15+ years of age)","SH.ALC.PCAP.LI","","","","","","","","","","","","","","","","","","","","","","","","","","","","","","","","","","","","","","","","","","","","","","","","","","","","","","","","10.1228260398801","","",
"Togo","TGO","Total alcohol consumption per capita (liters of pure alcohol, projected estimates, 15+ years of age)","SH.ALC.PCAP.LI","","","","","","","","","","","","","","","","","","","","","","","","","","","","","","","","","","","","","","","","","","","","","","","","","","","","","","","","1.9","","",
"Thailand","THA","Total alcohol consumption per capita (liters of pure alcohol, projected estimates, 15+ years of age)","SH.ALC.PCAP.LI","","","","","","","","","","","","","","","","","","","","","","","","","","","","","","","","","","","","","","","","","","","","","","","","","","","","","","","","8.3","","",
"Tajikistan","TJK","Total alcohol consumption per capita (liters of pure alcohol, projected estimates, 15+ years of age)","SH.ALC.PCAP.LI","","","","","","","","","","","","","","","","","","","","","","","","","","","","","","","","","","","","","","","","","","","","","","","","","","","","","","","","2.4","","",
"Turkmenistan","TKM","Total alcohol consumption per capita (liters of pure alcohol, projected estimates, 15+ years of age)","SH.ALC.PCAP.LI","","","","","","","","","","","","","","","","","","","","","","","","","","","","","","","","","","","","","","","","","","","","","","","","","","","","","","","","5","","",
"Latin America & the Caribbean (IDA & IBRD countries)","TLA","Total alcohol consumption per capita (liters of pure alcohol, projected estimates, 15+ years of age)","SH.ALC.PCAP.LI","","","","","","","","","","","","","","","","","","","","","","","","","","","","","","","","","","","","","","","","","","","","","","","","","","","","","","","","7.54316276508349","","",
"Timor-Leste","TLS","Total alcohol consumption per capita (liters of pure alcohol, projected estimates, 15+ years of age)","SH.ALC.PCAP.LI","","","","","","","","","","","","","","","","","","","","","","","","","","","","","","","","","","","","","","","","","","","","","","","","","","","","","","","","1.2","","",
"Middle East & North Africa (IDA & IBRD countries)","TMN","Total alcohol consumption per capita (liters of pure alcohol, projected estimates, 15+ years of age)","SH.ALC.PCAP.LI","","","","","","","","","","","","","","","","","","","","","","","","","","","","","","","","","","","","","","","","","","","","","","","","","","","","","","","","0.676289298585007","","",
"Tonga","TON","Total alcohol consumption per capita (liters of pure alcohol, projected estimates, 15+ years of age)","SH.ALC.PCAP.LI","","","","","","","","","","","","","","","","","","","","","","","","","","","","","","","","","","","","","","","","","","","","","","","","","","","","","","","","2.1","","",
"South Asia (IDA & IBRD)","TSA","Total alcohol consumption per capita (liters of pure alcohol, projected estimates, 15+ years of age)","SH.ALC.PCAP.LI","","","","","","","","","","","","","","","","","","","","","","","","","","","","","","","","","","","","","","","","","","","","","","","","","","","","","","","","3.64138266694339","","",
"Sub-Saharan Africa (IDA & IBRD countries)","TSS","Total alcohol consumption per capita (liters of pure alcohol, projected estimates, 15+ years of age)","SH.ALC.PCAP.LI","","","","","","","","","","","","","","","","","","","","","","","","","","","","","","","","","","","","","","","","","","","","","","","","","","","","","","","","6.34381907313408","","",
"Trinidad and Tobago","TTO","Total alcohol consumption per capita (liters of pure alcohol, projected estimates, 15+ years of age)","SH.ALC.PCAP.LI","","","","","","","","","","","","","","","","","","","","","","","","","","","","","","","","","","","","","","","","","","","","","","","","","","","","","","","","6.6","","",
"Tunisia","TUN","Total alcohol consumption per capita (liters of pure alcohol, projected estimates, 15+ years of age)","SH.ALC.PCAP.LI","","","","","","","","","","","","","","","","","","","","","","","","","","","","","","","","","","","","","","","","","","","","","","","","","","","","","","","","1.2","","",
"Turkey","TUR","Total alcohol consumption per capita (liters of pure alcohol, projected estimates, 15+ years of age)","SH.ALC.PCAP.LI","","","","","","","","","","","","","","","","","","","","","","","","","","","","","","","","","","","","","","","","","","","","","","","","","","","","","","","","2.4","","",
"Tuvalu","TUV","Total alcohol consumption per capita (liters of pure alcohol, projected estimates, 15+ years of age)","SH.ALC.PCAP.LI","","","","","","","","","","","","","","","","","","","","","","","","","","","","","","","","","","","","","","","","","","","","","","","","","","","","","","","","1.3","","",
"Tanzania","TZA","Total alcohol consumption per capita (liters of pure alcohol, projected estimates, 15+ years of age)","SH.ALC.PCAP.LI","","","","","","","","","","","","","","","","","","","","","","","","","","","","","","","","","","","","","","","","","","","","","","","","","","","","","","","","8.1","","",
"Uganda","UGA","Total alcohol consumption per capita (liters of pure alcohol, projected estimates, 15+ years of age)","SH.ALC.PCAP.LI","","","","","","","","","","","","","","","","","","","","","","","","","","","","","","","","","","","","","","","","","","","","","","","","","","","","","","","","10.5","","",
"Ukraine","UKR","Total alcohol consumption per capita (liters of pure alcohol, projected estimates, 15+ years of age)","SH.ALC.PCAP.LI","","","","","","","","","","","","","","","","","","","","","","","","","","","","","","","","","","","","","","","","","","","","","","","","","","","","","","","","11.8","","",
"Upper middle income","UMC","Total alcohol consumption per capita (liters of pure alcohol, projected estimates, 15+ years of age)","SH.ALC.PCAP.LI","","","","","","","","","","","","","","","","","","","","","","","","","","","","","","","","","","","","","","","","","","","","","","","","","","","","","","","","7.60423684481184","","",
"Uruguay","URY","Total alcohol consumption per capita (liters of pure alcohol, projected estimates, 15+ years of age)","SH.ALC.PCAP.LI","","","","","","","","","","","","","","","","","","","","","","","","","","","","","","","","","","","","","","","","","","","","","","","","","","","","","","","","7","","",
"United States","USA","Total alcohol consumption per capita (liters of pure alcohol, projected estimates, 15+ years of age)","SH.ALC.PCAP.LI","","","","","","","","","","","","","","","","","","","","","","","","","","","","","","","","","","","","","","","","","","","","","","","","","","","","","","","","9","","",
"Uzbekistan","UZB","Total alcohol consumption per capita (liters of pure alcohol, projected estimates, 15+ years of age)","SH.ALC.PCAP.LI","","","","","","","","","","","","","","","","","","","","","","","","","","","","","","","","","","","","","","","","","","","","","","","","","","","","","","","","4.8","","",
"St. Vincent and the Grenadines","VCT","Total alcohol consumption per capita (liters of pure alcohol, projected estimates, 15+ years of age)","SH.ALC.PCAP.LI","","","","","","","","","","","","","","","","","","","","","","","","","","","","","","","","","","","","","","","","","","","","","","","","","","","","","","","","7.2","","",
"Venezuela, RB","VEN","Total alcohol consumption per capita (liters of pure alcohol, projected estimates, 15+ years of age)","SH.ALC.PCAP.LI","","","","","","","","","","","","","","","","","","","","","","","","","","","","","","","","","","","","","","","","","","","","","","","","","","","","","","","","8.3","","",
"British Virgin Islands","VGB","Total alcohol consumption per capita (liters of pure alcohol, projected estimates, 15+ years of age)","SH.ALC.PCAP.LI","","","","","","","","","","","","","","","","","","","","","","","","","","","","","","","","","","","","","","","","","","","","","","","","","","","","","","","","","","",
"Virgin Islands (U.S.)","VIR","Total alcohol consumption per capita (liters of pure alcohol, projected estimates, 15+ years of age)","SH.ALC.PCAP.LI","","","","","","","","","","","","","","","","","","","","","","","","","","","","","","","","","","","","","","","","","","","","","","","","","","","","","","","","","","",
"Vietnam","VNM","Total alcohol consumption per capita (liters of pure alcohol, projected estimates, 15+ years of age)","SH.ALC.PCAP.LI","","","","","","","","","","","","","","","","","","","","","","","","","","","","","","","","","","","","","","","","","","","","","","","","","","","","","","","","8.7","","",
"Vanuatu","VUT","Total alcohol consumption per capita (liters of pure alcohol, projected estimates, 15+ years of age)","SH.ALC.PCAP.LI","","","","","","","","","","","","","","","","","","","","","","","","","","","","","","","","","","","","","","","","","","","","","","","","","","","","","","","","1.2","","",
"World","WLD","Total alcohol consumption per capita (liters of pure alcohol, projected estimates, 15+ years of age)","SH.ALC.PCAP.LI","","","","","","","","","","","","","","","","","","","","","","","","","","","","","","","","","","","","","","","","","","","","","","","","","","","","","","","","6.33140480847257","","",
"Samoa","WSM","Total alcohol consumption per capita (liters of pure alcohol, projected estimates, 15+ years of age)","SH.ALC.PCAP.LI","","","","","","","","","","","","","","","","","","","","","","","","","","","","","","","","","","","","","","","","","","","","","","","","","","","","","","","","","","",
"Kosovo","XKX","Total alcohol consumption per capita (liters of pure alcohol, projected estimates, 15+ years of age)","SH.ALC.PCAP.LI","","","","","","","","","","","","","","","","","","","","","","","","","","","","","","","","","","","","","","","","","","","","","","","","","","","","","","","","","","",
"Yemen, Rep.","YEM","Total alcohol consumption per capita (liters of pure alcohol, projected estimates, 15+ years of age)","SH.ALC.PCAP.LI","","","","","","","","","","","","","","","","","","","","","","","","","","","","","","","","","","","","","","","","","","","","","","","","","","","","","","","","0.2","","",
"South Africa","ZAF","Total alcohol consumption per capita (liters of pure alcohol, projected estimates, 15+ years of age)","SH.ALC.PCAP.LI","","","","","","","","","","","","","","","","","","","","","","","","","","","","","","","","","","","","","","","","","","","","","","","","","","","","","","","","11.5","","",
"Zambia","ZMB","Total alcohol consumption per capita (liters of pure alcohol, projected estimates, 15+ years of age)","SH.ALC.PCAP.LI","","","","","","","","","","","","","","","","","","","","","","","","","","","","","","","","","","","","","","","","","","","","","","","","","","","","","","","","4","","",
"Zimbabwe","ZWE","Total alcohol consumption per capita (liters of pure alcohol, projected estimates, 15+ years of age)","SH.ALC.PCAP.LI","","","","","","","","","","","","","","","","","","","","","","","","","","","","","","","","","","","","","","","","","","","","","","","","","","","","","","","","4.8","","",
